0,YBXE
1,CCRB
2,CEM0
3,EYKH
4,E9ME
5,EYFX
6,MP7C
7,ERXT
8,CJ6K
9,4XYJ
10,EVM7
11,EE0K
12,9BB2
13,CMFM
14,26HK
15,C9JC
16,CF6P
17,H93Y
18,EVPT
19,CPWP
20,CPWC
21,Y6JW
22,C47H
23,PMG6
24,8T6M
25,EX7J
26,0C4T
27,EWWW
28,VPH0
29,CP7K
30,R64Y
31,C6EH
32,M6KM
33,EECM
34,CVMW
35,CK6Y
36,CK08
37,CEHK
38,X4J3
39,CW7F
40,EYFG
41,EWVK
42,392J
43,ER3M
44,CJ3W
45,E0RW
46,EVCY
47,EVCR
48,CRKT
49,E799
50,67VC
51,YHJY
52,6BMG
53,BPF0
54,M0T9
55,CPY3
56,XEBG
57,EFH0
58,C6XE
59,ERPF
60,FH6W
61,EWPX
62,ERHK
63,CKCW
64,YB7H
65,CRFH
66,ECHW
67,VW8G
68,ECVF
69,ERX3
70,C82K
71,E83G
72,CHE3
73,Y9X6
74,E323
75,24XW
76,YXC6
77,C9XP
78,CKBG
79,ETMK
80,3C8Y
81,EX2H
82,YC0G
83,26YY
84,EW27
85,C83R
86,EBHM
87,CHP9
88,PJW3
89,JFHY
90,EYKV
91,EKGR
92,22B6
93,JJ4G
94,EX63
95,TH2J
96,CB8W
97,E6F8
98,CEH9
99,E7XJ
100,FHFG
101,E3RM
102,C7B2
103,ERP2
104,CCGF
105,CFWW
106,E6XB
107,EH8W
108,ERC4
109,CV9F
110,3TYW
111,CMJG
112,27XJ
113,CEWX
114,EC4X
115,ETYK
116,C462
117,E9PK
118,CXMW
119,ET7Y
120,CWT3
121,CJF2
122,0PPE
123,CKHM
124,ER4B
125,E66G
126,E9BT
127,6V3Y
128,CCW8
129,EBG2
130,664E
131,XT66
132,EG9H
133,ET34
134,CEH9
135,CGMY
136,ETX6
137,W328
138,YEWW
139,CMK2
140,CBHP
141,E399
142,CBJE
143,CMRF
144,X8M3
145,JJVR
146,EYM7
147,2RC3
148,ECPX
149,EHB8
150,C8V4
151,39GJ
152,CJR8
153,3T20
154,CPJ9
155,EWC9
156,C9E0
157,92XM
158,EBE6
159,ECVG
160,E4BB
161,CCEF
162,CBMB
163,EM6M
164,C06V
165,EC4G
166,CPWM
167,CP4T
168,BWPT
169,CM03
170,EXT0
171,EFPE
172,2TGK
173,C247
174,2H3W
175,EBC9
176,HY8E
177,EX37
178,0K2Y
179,EYHC
180,CM28
181,CK98
182,C96V
183,C8B7
184,EH2P
185,EVFP
186,C7BC
187,4JKF
188,C7BW
189,C87R
190,6WGE
191,E0RV
192,6HHM
193,YP03
194,03RY
195,E6EF
196,CEJY
197,CFPM
198,ECT2
199,B7JE
200,ERXK
201,CJXR
202,W4YG
203,4JWT
204,ERXP
205,C6V2
206,C4BG
207,0WH3
208,YFXJ
209,CK8K
210,CRWT
211,EMMP
212,EF9B
213,E749
214,ER8M
215,C6HT
216,E43B
217,E8C4
218,CPRW
219,W23Y
220,CRBX
221,C8CV
222,C40P
223,2VKG
224,CCH7
225,CRGT
226,EPRK
227,EG2H
228,YXY6
229,0GPG
230,6W8J
231,RB20
232,EXC2
233,CFYK
234,CW3J
235,C9HE
236,CBWB
237,E32G
238,CYYF
239,CKK2
240,CKBR
241,E9KT
242,CF9X
243,CHRR
244,4TCW
245,ETHF
246,C006
247,C3V9
248,HY7T
249,C8RM
250,EE4W
251,EYVX
252,C86E
253,MPR8
254,EKV2
255,W78E
256,EWP9
257,60EY
258,X9JJ
259,E24X
260,EYFF
261,EWJW
262,YTYE
263,63RH
264,RW63
265,CMFJ
266,C6XE
267,JFKJ
268,9973
269,CPT4
270,FVGM
271,497G
272,EM9C
273,E04J
274,CYH2
275,C760
276,CV0Y
277,EV9W
278,C8WR
279,YRJ8
280,CEXR
281,9MRY
282,CK7X
283,EW3E
284,60C8
285,ERYE
286,33T6
287,CKJ9
288,ET60
289,E26Y
290,4P86
291,EEBB
292,EHR9
293,28W9
294,EB27
295,7GCM
296,EX9V
297,FHFE
298,Y4MV
299,6J4R
300,VXRG
301,4J4E
302,CV4Y
303,4CKB
304,9K0E
305,EEBH
306,E30H
307,9FBE
308,E6RE
309,WHYE
310,CP32
311,X9MP
312,EEMP
313,YEBV
314,YFTE
315,ET60
316,ET4E
317,EBRW
318,FE8H
319,9MVT
320,EYHE
321,C0GX
322,EWVK
323,C8XK
324,EMGW
325,C29P
326,C73R
327,V7WE
328,2PGH
329,39WY
330,E6XH
331,E2B0
332,00RE
333,MFKM
334,C2G9
335,C83X
336,C793
337,CJ9V
338,EB7C
339,CFY4
340,C3GE
341,TV4G
342,CJ2P
343,C448
344,CCXY
345,CXXR
346,CX3V
347,MGXM
348,GYKE
349,E8BV
350,ETVB
351,ER6M
352,C024
353,CJJR
354,CJVX
355,C8P7
356,PVRE
357,CVW6
358,C7MM
359,CPX3
360,YVHE
361,2V30
362,CJEY
363,EWP6
364,3VH8
365,9K68
366,EW76
367,ECXC
368,E4F9
369,CMF7
370,EW4P
371,CMGE
372,EBME
373,C6BY
374,M7HV
375,CK3Y
376,C268
377,EWVE
378,EWBH
379,EB03
380,ECTJ
381,EXT8
382,P468
383,CRW9
384,E9CE
385,ERRK
386,C7CM
387,E6GF
388,CKCG
389,4XCE
390,JFMG
391,REM0
392,CP3X
393,CVF0
394,VGF4
395,CM07
396,3323
397,ETXV
398,EBH7
399,EYX7
400,E4WG
401,ECMK
402,E0R4
403,CWJE
404,60F7
405,CMVG
406,CCC2
407,X8ME
408,CGP6
409,2E63
410,CPJY
411,67W4
412,ER0T
413,F23M
414,C62V
415,CJ8T
416,YGYX
417,CV4F
418,C8KV
419,ERTE
420,E772
421,CXVR
422,C99V
423,MWM4
424,EBC0
425,C6HM
426,E4TT
427,YTG2
428,9WJT
429,FJC0
430,CJ2C
431,EXJT
432,WCT8
433,2VX4
434,ET4F
435,CFX6
436,C68V
437,E8C3
438,CRB3
439,EC8W
440,YC8M
441,C7CB
442,E792
443,ECX7
444,2E4Y
445,TC2T
446,392X
447,PGE9
448,EREP
449,EVC3
450,EX8K
451,EJV9
452,CHW8
453,6V3B
454,E90B
455,EWRE
456,ECKP
457,ECVC
458,CTX7
459,CXJ2
460,ER23
461,CJTW
462,C7MB
463,EW6X
464,26VM
465,E0P3
466,E6F3
467,EC68
468,CHY6
469,299W
470,KYFB
471,CB6J
472,CPMX
473,9K08
474,C02R
475,CK28
476,ERYG
477,CV8G
478,CRY9
479,CH97
480,EVP3
481,EV44
482,66WT
483,9363
484,CHTP
485,E4GH
486,C8YJ
487,EXJ8
488,63C2
489,EH99
490,C437
491,E06R
492,E2BT
493,C068
494,YJM0
495,EVEY
496,CRG3
497,EG0P
498,CMGM
499,R2PE
500,C7WJ
501,C824
502,EXKR
503,C06T
504,EWPH
505,ETW7
506,CEC7
507,CTT0
508,CGWG
509,0040
510,2EHH
511,28MP
512,27GC
513,EKGR
514,CJ63
515,YP03
516,CJY7
517,FGTF
518,EXE2
519,ECT9
520,C08H
521,CYK3
522,CPWX
523,CXK7
524,EVHT
525,EC0P
526,C9WW
527,2R4V
528,EKE8
529,C8WM
530,CC36
531,C3CK
532,4G78
533,ETXT
534,E8KW
535,CJ2R
536,EH3V
537,EPVM
538,CMHV
539,X846
540,9MFT
541,PE6X
542,C8TF
543,EWM9
544,2Y3R
545,CFW9
546,E2PP
547,CRCR
548,EMW8
549,XTV9
550,39TV
551,6090
552,W8B0
553,4BJ8
554,ETC3
555,EXY7
556,6V3M
557,4KR0
558,E9VC
559,CJ7P
560,E9CF
561,E4E2
562,J0EV
563,664P
564,C89F
565,C90W
566,C9E7
567,CPJP
568,E94K
569,C976
570,3R9R
571,C7FP
572,JE6M
573,CXW2
574,CPXV
575,CRKM
576,EX93
577,EEKR
578,EB72
579,CRCK
580,EPCV
581,P9WM
582,EKG3
583,C0JE
584,C63C
585,CX6Y
586,EMK8
587,C8BY
588,YPTT
589,E76E
590,ERYE
591,EX4B
592,EFJJ
593,4J9B
594,0X86
595,J9TH
596,EB3H
597,ET3E
598,ERY7
599,EX7M
600,EXXR
601,E9PC
602,EKKV
603,EVYM
604,EWEJ
605,EK0P
606,39KJ
607,C8C6
608,4F7B
609,CGGJ
610,FG0K
611,6HV2
612,K9GY
613,XCK8
614,YPGB
615,C9MP
616,EGB2
617,EWEW
618,R30X
619,CRHH
620,EG7W
621,CEFV
622,F690
623,ET4G
624,XTB0
625,CCH2
626,C6K3
627,E6V7
628,W76T
629,E0WB
630,EX69
631,EWPK
632,EGJ7
633,2YPJ
634,K3BB
635,288B
636,E8J7
637,YC78
638,2KYH
639,ERHP
640,E9CX
641,E8B9
642,VHE8
643,C88G
644,EB83
645,EFE7
646,CK9C
647,CB8E
648,JB3T
649,WRMY
650,E86C
651,FBKT
652,EVRF
653,EV4P
654,EWTR
655,CM4V
656,ECR9
657,TB8M
658,C06C
659,EXPW
660,EX9W
661,4P36
662,EBCV
663,EVG9
664,C0CF
665,EX8M
666,Y07W
667,ER8V
668,4VXY
669,6PJM
670,CRFH
671,E4VY
672,EEP3
673,EYH3
674,VHE7
675,CHEY
676,EFFC
677,YERY
678,ERCC
679,CMVF
680,YK0P
681,EGH2
682,HJ03
683,EJ3Y
684,CMP4
685,PJ38
686,XXYH
687,CRFT
688,ER8Y
689,CFTF
690,E8MV
691,C94M
692,CHB0
693,CPKP
694,C68W
695,CTB9
696,E07Y
697,CJP0
698,EYCX
699,YMKH
700,9MEY
701,ETME
702,C88X
703,C6VH
704,23FW
705,XCPJ
706,C8EM
707,Y4H9
708,ECP7
709,C0F2
710,E3G9
711,EH9C
712,CK0K
713,CJX6
714,EWYJ
715,20FK
716,ER4H
717,JJ4B
718,CWGM
719,CVPK
720,0H8M
721,EXFB
722,Y776
723,9270
724,EYKY
725,M6TM
726,C308
727,JFPB
728,C2BM
729,3968
730,C7VK
731,P389
732,E0K6
733,FCYX
734,EEM2
735,YGV6
736,E94X
737,CB47
738,EGPC
739,YH86
740,4RCY
741,CPM4
742,EWH2
743,PFRW
744,RK9W
745,ER3T
746,C0GW
747,CRYY
748,PC06
749,EBEK
750,EH6R
751,C2YM
752,C7BW
753,BME4
754,E32W
755,ER4T
756,EGH9
757,FHEF
758,40V2
759,27K2
760,ETHR
761,EP6X
762,CPWT
763,EBCV
764,6YF4
765,C9FP
766,EFY0
767,EVYK
768,C96V
769,CMHB
770,EBMH
771,C07V
772,246Y
773,CMK9
774,6008
775,C908
776,CK0V
777,6V70
778,EMGY
779,CK2B
780,69KM
781,E9GT
782,ECVC
783,CJPW
784,XPC4
785,CJVW
786,PXP0
787,RRG3
788,E79X
789,EYBJ
790,C6JC
791,CWRY
792,EBEE
793,CFVM
794,CCFP
795,FMX8
796,EETJ
797,EBYG
798,EXC9
799,E0JM
800,E6BP
801,CT7J
802,CMMX
803,FPP6
804,2TX3
805,C2VW
806,EFCP
807,9027
808,C97X
809,K9MP
810,YBPY
811,CEYB
812,E0MP
813,EC7K
814,CYYG
815,E2XC
816,3C9B
817,CRCR
818,X9P2
819,E32C
820,C7C8
821,CGC9
822,C7E2
823,4040
824,C700
825,MVK2
826,EKE8
827,C63J
828,2747
829,E68J
830,CP87
831,W384
832,CJ7G
833,ER8V
834,2BPE
835,EWH4
836,BMWF
837,C2GW
838,E9H6
839,C07T
840,B3V7
841,EWTB
842,CM8G
843,EGP8
844,6683
845,EYT3
846,C47V
847,YEFB
848,EWP9
849,ET8X
850,CPCG
851,EEG6
852,MVT7
853,YPGY
854,CJYH
855,62T8
856,EKBP
857,ECG6
858,MVBE
859,ER2M
860,HBJC
861,E82W
862,GV49
863,GWTK
864,CP7W
865,0PEH
866,C7CK
867,22JB
868,KEW0
869,4GGG
870,E0P7
871,CMF3
872,CEHX
873,0T3F
874,EB87
875,BCEP
876,24W3
877,M7MJ
878,B8WT
879,W963
880,CMHF
881,C6KM
882,CWKG
883,FCPY
884,EJMB
885,CYCJ
886,7H0J
887,CP7M
888,VHEW
889,CVW4
890,CMEW
891,C8PX
892,C47V
893,CMJK
894,BWE3
895,EWET
896,CHG9
897,EWMB
898,33FT
899,EBB8
900,VWWH
901,EYJT
902,C7BK
903,EWXF
904,C87M
905,ET88
906,CFTV
907,FT4G
908,CRMC
909,4E8G
910,49TY
911,CH90
912,ERTF
913,YMYP
914,3G9G
915,EKVE
916,XFVF
917,EVPV
918,YBR6
919,6Y9Y
920,CJFK
921,YCTW
922,CCHG
923,CGP3
924,4KEV
925,CF9Y
926,CP2P
927,88CB
928,EWHB
929,C6XC
930,39TB
931,ER4M
932,208B
933,VFC2
934,9R0B
935,ECME
936,ET8G
937,CRMX
938,C8M9
939,EXGM
940,Y88Y
941,YJ4F
942,EGY4
943,HXRE
944,ECEV
945,CR73
946,CH0F
947,CGEX
948,4FT9
949,CJYX
950,YBCB
951,C7CB
952,ETXC
953,EP0J
954,37T0
955,E0WB
956,CH49
957,2MBT
958,EWTR
959,ERCK
960,CRCE
961,K9K9
962,EEJV
963,CXJP
964,CJ6B
965,2XFM
966,C7ME
967,E9T2
968,E9FW
969,7F6J
970,EX4Y
971,CWC4
972,CMR9
973,C8K3
974,C8JR
975,E36M
976,EV84
977,C9E8
978,0R0J
979,E67V
980,CPVM
981,EM0W
982,EMTY
983,ER8J
984,CGMH
985,CM20
986,ECKJ
987,CPVM
988,E6KG
989,2R2M
990,EWYY
991,E0HH
992,CXEX
993,2YY0
994,CRHK
995,EX6M
996,EWR3
997,4BJ8
998,4PWT
999,ER4B
1000,JFPP
1001,C7MJ
1002,CMGM
1003,C7FY
1004,CEHV
1005,PFJB
1006,CVG9
1007,CX3W
1008,E2HM
1009,4TFP
1010,6VRM
1011,TC66
1012,EXRT
1013,E36R
1014,BRG8
1015,CJ0F
1016,EBH0
1017,C4JM
1018,EHFB
1019,ET8P
1020,40E8
1021,EPWX
1022,C8EH
1023,CCYC
1024,CGFC
1025,MF9Y
1026,CMHY
1027,R8HP
1028,WW4E
1029,C8HF
1030,EKWR
1031,372T
1032,EMR6
1033,CRMH
1034,EW6P
1035,7HGC
1036,EYBG
1037,EYHH
1038,C4WC
1039,W8JW
1040,CGEE
1041,XK36
1042,206F
1043,C8XR
1044,ER09
1045,CRKW
1046,EW6R
1047,EV74
1048,EBG2
1049,E9EV
1050,EGX9
1051,CRCK
1052,J6VV
1053,CH9G
1054,EX84
1055,CF8G
1056,ERHV
1057,CX8C
1058,C34W
1059,EBX3
1060,JFK8
1061,ER6T
1062,CMJ2
1063,RK7F
1064,6VPE
1065,EFC7
1066,C03H
1067,H4PV
1068,E0RG
1069,EX9W
1070,ETFG
1071,C8WX
1072,EJ2F
1073,ER43
1074,EM78
1075,2PF3
1076,E9FT
1077,ECW8
1078,EWMX
1079,EW9V
1080,YM32
1081,H97Y
1082,CV72
1083,V3Y8
1084,C62V
1085,E2FP
1086,CGPC
1087,C269
1088,CFTR
1089,CKP6
1090,TBWT
1091,M3HG
1092,EG26
1093,EPB7
1094,X6YJ
1095,YC23
1096,C882
1097,620V
1098,GTCM
1099,E6CC
1100,EXW8
1101,EV97
1102,EVBF
1103,YCE7
1104,C4F4
1105,EWVR
1106,XM7Y
1107,238B
1108,C4W4
1109,C8PH
1110,CP07
1111,ETGR
1112,EFP0
1113,E6K9
1114,24R7
1115,CG9T
1116,93KB
1117,HKHP
1118,C2EY
1119,EXY9
1120,C8X2
1121,EXY6
1122,ECVX
1123,ER0R
1124,C88G
1125,EBMM
1126,E3RY
1127,TCTV
1128,4KFV
1129,CB3F
1130,CGVR
1131,E346
1132,EW4B
1133,EPCW
1134,6RVV
1135,CKC9
1136,40MX
1137,EHX8
1138,C974
1139,EWT0
1140,230J
1141,K2TW
1142,C78G
1143,EC6K
1144,ECVC
1145,CP4V
1146,3X2F
1147,ECXP
1148,PGHE
1149,E7KE
1150,C80M
1151,6VH6
1152,E6KK
1153,EGH2
1154,EB3X
1155,C47R
1156,ER9F
1157,27YC
1158,CMBH
1159,EX9F
1160,VG96
1161,C83J
1162,ERPV
1163,C028
1164,CM3B
1165,J66B
1166,B4CH
1167,E07Y
1168,6FJ6
1169,KF84
1170,CMWT
1171,CMMP
1172,ECHK
1173,CEGB
1174,ECVB
1175,ERYV
1176,E6MP
1177,EHB9
1178,YP7B
1179,JJT0
1180,C7H7
1181,E0KX
1182,G9RW
1183,CG0C
1184,T4CT
1185,CRBT
1186,CK9C
1187,EY7H
1188,B78E
1189,2M30
1190,EK6X
1191,43WC
1192,EBTB
1193,C4V6
1194,FM9Y
1195,CBB6
1196,EG3P
1197,CH9C
1198,474B
1199,CMTR
1200,4ECJ
1201,9G78
1202,4KKM
1203,ER4B
1204,EH9J
1205,C6E6
1206,EF2B
1207,CHBC
1208,CJVM
1209,EXE6
1210,ETKX
1211,YTYM
1212,EYBC
1213,XPT3
1214,ECC6
1215,EY4J
1216,CV8B
1217,4JJ0
1218,2VKE
1219,W4K7
1220,C77K
1221,PJXH
1222,C93M
1223,E7HB
1224,C27B
1225,E0HM
1226,6Y40
1227,E4X3
1228,EWYJ
1229,C77R
1230,CR3T
1231,C43E
1232,RC6W
1233,YREY
1234,E362
1235,YPC6
1236,E6RT
1237,EYCG
1238,JH9V
1239,EKF6
1240,CR4C
1241,CMKB
1242,CJP6
1243,8J87
1244,EW73
1245,47HY
1246,C8XP
1247,Y4J6
1248,EGM9
1249,EX9H
1250,C7R8
1251,CHH6
1252,ECK3
1253,EXY7
1254,CWV6
1255,CP3T
1256,EWM9
1257,YTRX
1258,EXEY
1259,P2WE
1260,H9R9
1261,CM24
1262,E4WK
1263,2T7M
1264,4J8F
1265,RYV3
1266,CPRT
1267,EG9H
1268,CJ9R
1269,YEBM
1270,C8YG
1271,TCYY
1272,XE2M
1273,CJPY
1274,C3WB
1275,4G6J
1276,CKEX
1277,EVYV
1278,EX4C
1279,CMPE
1280,CEYT
1281,E9KR
1282,EB0E
1283,EGTX
1284,G9G6
1285,FCKV
1286,29E7
1287,EX64
1288,CJWF
1289,GP0Y
1290,R32J
1291,EWP9
1292,YTE8
1293,VCW3
1294,C627
1295,TR9B
1296,YRMW
1297,4K6W
1298,EM3P
1299,ER80
1300,CC69
1301,E7ER
1302,CJ73
1303,CEGF
1304,C4TF
1305,EBE7
1306,CK9F
1307,M4JJ
1308,EVHK
1309,E2C8
1310,EGVR
1311,EF9K
1312,8XPP
1313,9PFJ
1314,YHJ3
1315,C7BT
1316,CP03
1317,E6HX
1318,JTBM
1319,C99V
1320,E6P2
1321,7VV7
1322,ETMC
1323,ETRP
1324,6K2E
1325,EVEE
1326,CJPJ
1327,C036
1328,EVM9
1329,EEH2
1330,EHC8
1331,EXM8
1332,40MM
1333,EV6J
1334,CJJG
1335,CP7C
1336,0896
1337,CK7C
1338,EBHM
1339,26C6
1340,G42W
1341,6RFJ
1342,E0MJ
1343,ERMB
1344,M7KT
1345,Y8YM
1346,CMK0
1347,ER8W
1348,ERJB
1349,2Y9W
1350,CK7C
1351,C4RP
1352,9MPJ
1353,E6HM
1354,EX9T
1355,CP3R
1356,EV03
1357,0RR7
1358,ET9G
1359,CW9G
1360,C4HM
1361,9F82
1362,EVKX
1363,0YW3
1364,C72W
1365,CEF4
1366,CPWG
1367,CCBJ
1368,GW6B
1369,EWYT
1370,CG8T
1371,3BBY
1372,CWPY
1373,EG83
1374,EXJR
1375,60V2
1376,E720
1377,6WT7
1378,C8X4
1379,EX9C
1380,C7E9
1381,3PGF
1382,EXMW
1383,67GP
1384,6W37
1385,PF68
1386,CP0V
1387,ET4V
1388,XR86
1389,RXP4
1390,HPG8
1391,C67W
1392,4P3Y
1393,37XG
1394,C760
1395,CHPW
1396,CRXY
1397,EM9C
1398,C96W
1399,6XJ8
1400,CMFE
1401,CHBC
1402,ETPF
1403,9X0Y
1404,E6RY
1405,EBPJ
1406,C67E
1407,9TRT
1408,3CCR
1409,C07F
1410,20GG
1411,CJV2
1412,CMTY
1413,CKYG
1414,4BVW
1415,CP90
1416,C0HE
1417,YTKP
1418,0J8B
1419,9KPH
1420,CMRK
1421,ER2P
1422,ECYX
1423,C87P
1424,CC77
1425,EFC4
1426,EJGH
1427,EP32
1428,7W7W
1429,CHCH
1430,W8GJ
1431,CJXH
1432,XTXW
1433,3PPE
1434,CP73
1435,YC8C
1436,H4K8
1437,E0F9
1438,ERCE
1439,C98F
1440,ER0F
1441,EHPK
1442,E8R2
1443,EGP0
1444,YR87
1445,EBGW
1446,EWT0
1447,C302
1448,C974
1449,EVKY
1450,KXB6
1451,3V4J
1452,EBF8
1453,GK8E
1454,EBG9
1455,CRTF
1456,CRRF
1457,CP24
1458,EWT4
1459,3GFW
1460,CKHC
1461,ETT6
1462,EE9P
1463,6WFX
1464,ER0W
1465,W3VV
1466,C2BH
1467,CW4K
1468,CMRB
1469,C9VC
1470,EWW3
1471,C828
1472,CF82
1473,EBEG
1474,EXTJ
1475,RXPE
1476,MBFB
1477,YF3G
1478,300X
1479,EWPW
1480,EYVP
1481,X0XY
1482,9M08
1483,VM84
1484,EXEP
1485,CF28
1486,V2J6
1487,CHH3
1488,CK0J
1489,P7YX
1490,BV8G
1491,ET89
1492,Y6PT
1493,ECG8
1494,EK94
1495,ET7W
1496,ECX4
1497,662G
1498,EVGE
1499,E39C
1500,C34W
1501,E4PG
1502,0YPT
1503,WXF9
1504,CMJK
1505,EPXM
1506,CHYP
1507,EX96
1508,E8BX
1509,3E09
1510,ER7Y
1511,2FM2
1512,ETHV
1513,CJ64
1514,CPXM
1515,EVBV
1516,E6RG
1517,ECTY
1518,XEB0
1519,K0W0
1520,4BTM
1521,ET89
1522,EC44
1523,CH2E
1524,C98E
1525,CYEP
1526,EW6F
1527,2YJG
1528,CWH0
1529,EHKF
1530,CJTH
1531,CMGP
1532,CP9W
1533,4E0B
1534,3V69
1535,W8KY
1536,C0RF
1537,EJXG
1538,CYWC
1539,342Y
1540,CJE9
1541,C8MG
1542,CP3M
1543,C6YH
1544,C88G
1545,69H0
1546,C70Y
1547,CK8H
1548,EJXB
1549,CP7J
1550,EBM0
1551,EEBW
1552,ECYG
1553,8283
1554,C8RM
1555,7J8B
1556,CVY4
1557,0HHP
1558,CR33
1559,FMY6
1560,E20G
1561,EBCT
1562,VXKH
1563,4P9X
1564,37TH
1565,K2XC
1566,C20H
1567,C499
1568,YEV3
1569,CFPP
1570,CWH6
1571,EX73
1572,C6GW
1573,3GTH
1574,G2K0
1575,EBG2
1576,CWC9
1577,EEP2
1578,CPV8
1579,CMJ2
1580,830R
1581,C4WR
1582,EXJE
1583,CWCX
1584,EWR3
1585,CF9W
1586,EVCY
1587,EGMP
1588,GCC2
1589,CRJT
1590,EWT3
1591,2WBX
1592,6700
1593,77BJ
1594,EEEW
1595,EE9Y
1596,EYHP
1597,C8Y7
1598,JJG3
1599,Y2CG
1600,K6BJ
1601,E082
1602,C4FJ
1603,EWMX
1604,C87X
1605,776B
1606,CY4G
1607,CP4F
1608,63PV
1609,C8M8
1610,ECKE
1611,ECT4
1612,EB8C
1613,C708
1614,2F3W
1615,CH0K
1616,2R47
1617,EYVE
1618,ERPG
1619,CXVJ
1620,EW72
1621,4FP8
1622,C8TT
1623,CBME
1624,C68M
1625,EEKM
1626,ET82
1627,CEER
1628,W8PP
1629,CWBV
1630,ETPM
1631,EYFB
1632,20X3
1633,JFX6
1634,CPWP
1635,VRHB
1636,EMX9
1637,EGFY
1638,ETHX
1639,EVPX
1640,VR2P
1641,WX40
1642,ECTY
1643,CKVB
1644,XBV4
1645,C8RY
1646,EWM3
1647,6Y8G
1648,EF43
1649,CPFJ
1650,VM9T
1651,EJWT
1652,6C82
1653,EWX8
1654,EVFP
1655,C7MM
1656,CMB6
1657,E7W7
1658,E93X
1659,EX8C
1660,C6KJ
1661,BFFX
1662,PBYE
1663,CHPH
1664,3VYT
1665,329G
1666,27TM
1667,GEYW
1668,VMX0
1669,E2V2
1670,EB3P
1671,VX4H
1672,3G2Y
1673,EGVG
1674,CB46
1675,CH3X
1676,CYY4
1677,E2CR
1678,YWM3
1679,CB3M
1680,CM0V
1681,E6HB
1682,C6PX
1683,EJG6
1684,JC2Y
1685,CFYF
1686,CMJ2
1687,EPMP
1688,E03T
1689,E6GG
1690,E900
1691,ET83
1692,EEF7
1693,CJJR
1694,C90K
1695,EBH0
1696,CJ37
1697,RX7F
1698,ET87
1699,7736
1700,FGT9
1701,C0RR
1702,TRJB
1703,C8W4
1704,CP4J
1705,PBBY
1706,C9X7
1707,CYXC
1708,62EM
1709,ETHK
1710,EY8F
1711,EP3Y
1712,CJPX
1713,CP07
1714,EC2K
1715,2YVY
1716,CPPE
1717,R8JM
1718,CY48
1719,EBCX
1720,CHMC
1721,C7PX
1722,E6GF
1723,C9X7
1724,ETR3
1725,EBWJ
1726,R33F
1727,TYH3
1728,CFXM
1729,C6PM
1730,CRBH
1731,HCPJ
1732,VPFM
1733,YXYY
1734,7V46
1735,BT9B
1736,E9V6
1737,C0G2
1738,ERPY
1739,CB70
1740,CTM8
1741,JK2X
1742,CT8G
1743,C4HT
1744,ECK0
1745,CY93
1746,ECPT
1747,C092
1748,ER0C
1749,CEXV
1750,C92P
1751,C0B9
1752,EF2C
1753,EVMW
1754,EKWT
1755,CM94
1756,6292
1757,ECC0
1758,3XME
1759,CK2R
1760,C7G8
1761,EC3X
1762,42BY
1763,EYTR
1764,ERR7
1765,YT8Y
1766,WW4B
1767,2WKG
1768,CV4V
1769,JPWM
1770,TGV8
1771,C836
1772,ECP6
1773,CG9H
1774,C8RC
1775,02GV
1776,EBMY
1777,C7CK
1778,8FW8
1779,7M98
1780,P2W8
1781,632F
1782,CWEM
1783,FHMK
1784,24H2
1785,EBMG
1786,9KP7
1787,E9MW
1788,EX6X
1789,MX8M
1790,CMJR
1791,C3VF
1792,CP8Y
1793,CCG9
1794,6WBX
1795,EGPM
1796,C70X
1797,EMRW
1798,E9YH
1799,EW39
1800,CK8K
1801,WPMK
1802,C36X
1803,G9VT
1804,YHX3
1805,243Y
1806,W4X0
1807,C2FC
1808,YV90
1809,CX2B
1810,E0E6
1811,EETX
1812,YC6C
1813,EPMW
1814,VR2M
1815,C9GX
1816,CRE8
1817,EX4T
1818,ER97
1819,EBHR
1820,EB86
1821,C76P
1822,C8C7
1823,E4BP
1824,CMFF
1825,EX8F
1826,CKV0
1827,C7TR
1828,E8RB
1829,CHJH
1830,EYKW
1831,C8WY
1832,CRX3
1833,C7R6
1834,ET00
1835,EM2G
1836,EXJB
1837,FCKM
1838,6V9E
1839,ERW6
1840,EW6G
1841,CKBF
1842,CJYK
1843,E0CG
1844,CJ6J
1845,CJ74
1846,E0K3
1847,C0GH
1848,C94V
1849,70KX
1850,HWTV
1851,3W60
1852,HRM3
1853,ETKJ
1854,EHFC
1855,3J8P
1856,EYHT
1857,E0HJ
1858,CP0V
1859,MJPM
1860,C76E
1861,ET9K
1862,6VXE
1863,9HXB
1864,3BTM
1865,EH00
1866,CEM3
1867,EWEE
1868,CMTJ
1869,E8C4
1870,2YC3
1871,EJ7M
1872,C67X
1873,C2JM
1874,CM0F
1875,7KE8
1876,CPPT
1877,FBEY
1878,EBHK
1879,EBYK
1880,EMKT
1881,YH6E
1882,C8B4
1883,EVEP
1884,3H7P
1885,3WC0
1886,CPV3
1887,C6K6
1888,E6Y9
1889,CXRX
1890,C9RM
1891,B82H
1892,ER4R
1893,ET9H
1894,E87M
1895,CWKG
1896,ERX6
1897,C703
1898,CK0G
1899,C9JF
1900,EBGY
1901,YHH6
1902,C0BP
1903,62B6
1904,EX9T
1905,EMVE
1906,E9XR
1907,HG38
1908,CMEH
1909,R2K4
1910,EXK7
1911,2WTM
1912,CCWK
1913,29PG
1914,E79P
1915,CVYV
1916,JG2T
1917,ECPV
1918,CRKH
1919,ECTJ
1920,CBX3
1921,CKWB
1922,C974
1923,ECYC
1924,CKPV
1925,J82T
1926,CKV3
1927,2JPE
1928,23F6
1929,EERG
1930,E9J3
1931,CY0G
1932,EC3R
1933,CJYK
1934,C2V2
1935,E4WY
1936,E7YY
1937,289P
1938,EVM9
1939,4PBM
1940,ME6B
1941,C036
1942,P2JY
1943,YT8F
1944,VEWE
1945,Y0JV
1946,CHRR
1947,C0R2
1948,C07R
1949,7J2W
1950,XWCF
1951,EMXF
1952,ER9B
1953,C8RP
1954,CCF4
1955,CMFC
1956,EX60
1957,BGPT
1958,CPRH
1959,CHT4
1960,CKW0
1961,C62K
1962,4YJ8
1963,63XY
1964,EGP3
1965,YVPC
1966,CFT6
1967,CWCV
1968,Y96W
1969,CP7Y
1970,E08P
1971,CBM0
1972,CEJK
1973,EVK9
1974,C8Y6
1975,CEH8
1976,29E6
1977,C0YJ
1978,CPW2
1979,CKVJ
1980,CKYH
1981,7V0W
1982,E60T
1983,CPPX
1984,CKP3
1985,EME7
1986,ECCG
1987,EB8C
1988,CBXH
1989,C4WK
1990,EX27
1991,E6YJ
1992,2JXY
1993,EYWH
1994,C6BX
1995,CPHY
1996,4G78
1997,C7W4
1998,C6CC
1999,MJ6C
2000,EKR0
2001,E3R8
2002,CRBR
2003,G8JT
2004,E8K6
2005,EVP3
2006,CM7P
2007,CPWK
2008,C86P
2009,EXR9
2010,EYH4
2011,C3KK
2012,ER0R
2013,CPF8
2014,E33E
2015,EYBJ
2016,4KK0
2017,ERTG
2018,C2WT
2019,RGB9
2020,C3HM
2021,CKP2
2022,CCCT
2023,C4W8
2024,CK0W
2025,C84G
2026,ER7H
2027,CPKR
2028,C08G
2029,EX6B
2030,7YFT
2031,EXEE
2032,CPV8
2033,CYBV
2034,2TR3
2035,CEH4
2036,R2YM
2037,EY2T
2038,CMFR
2039,3FGM
2040,EWXT
2041,CKCX
2042,TJ7W
2043,62XG
2044,K696
2045,CY4W
2046,6WX8
2047,YCR2
2048,EVHE
2049,0WPK
2050,E6X2
2051,MY0Y
2052,C8J6
2053,CT90
2054,CRGR
2055,EFRT
2056,EJ2J
2057,C7H2
2058,C8WJ
2059,C83T
2060,FR33
2061,EBWE
2062,KPV3
2063,C894
2064,CJXR
2065,E2XB
2066,CE8R
2067,CHJG
2068,YRGG
2069,R30Y
2070,C83H
2071,EWT2
2072,E379
2073,EC0T
2074,G276
2075,C9JC
2076,E73H
2077,ECRH
2078,EJ7W
2079,EYKE
2080,PBM3
2081,EYY3
2082,907T
2083,E8XT
2084,X4G0
2085,E296
2086,JJMT
2087,2R0W
2088,CP0R
2089,ECYF
2090,ECM3
2091,ER2R
2092,ECBM
2093,T098
2094,XVBT
2095,CJ48
2096,ECYK
2097,HFXW
2098,CPX4
2099,EX49
2100,EG0G
2101,C2TW
2102,EPTF
2103,E776
2104,ERFK
2105,CPWM
2106,ER0F
2107,CV74
2108,4BE8
2109,EW72
2110,C0JH
2111,CXPJ
2112,ERC6
2113,ECVW
2114,EJFE
2115,CRYM
2116,CJYY
2117,4X2Y
2118,39XJ
2119,CRW9
2120,X8EG
2121,7EPE
2122,CK93
2123,JYE0
2124,CRJT
2125,3K4W
2126,CK8H
2127,CJEW
2128,Y92G
2129,CPKB
2130,C7KJ
2131,ECPH
2132,EEF8
2133,6RJ0
2134,3PKG
2135,C73X
2136,CCFX
2137,EHRM
2138,934M
2139,G80Y
2140,EGFW
2141,C6WM
2142,EX48
2143,CY7Y
2144,M9RC
2145,CXJG
2146,BVPG
2147,93R3
2148,C3J4
2149,E73C
2150,CJ9P
2151,EV2W
2152,EYWF
2153,ER3E
2154,CKX9
2155,CM2W
2156,EY2V
2157,M92G
2158,7KJM
2159,VYE0
2160,EYE3
2161,C8X0
2162,ET33
2163,C6WJ
2164,EGG7
2165,P7BV
2166,2V28
2167,C839
2168,Y20Y
2169,CMKF
2170,X6BT
2171,E3XC
2172,C08T
2173,GMMB
2174,CJY8
2175,6WR4
2176,C837
2177,CMCB
2178,RXK6
2179,EBMC
2180,CRM3
2181,EC4G
2182,EG4H
2183,FC6G
2184,CV64
2185,E60C
2186,YJK3
2187,EF06
2188,TWXG
2189,3KK9
2190,CPBW
2191,2RJF
2192,GT03
2193,C870
2194,C7CP
2195,M68F
2196,PKP4
2197,CMGJ
2198,EJBF
2199,CRE2
2200,C829
2201,C702
2202,EM8C
2203,C37F
2204,C0KV
2205,CXJH
2206,EKKV
2207,ER2R
2208,CWTM
2209,CH4T
2210,P0JG
2211,CJY8
2212,C2BG
2213,ET38
2214,C949
2215,ER34
2216,CEPW
2217,CM6Y
2218,0WXX
2219,CMH9
2220,YRV7
2221,BB8B
2222,EHG4
2223,EXY8
2224,39YW
2225,E7WX
2226,E3MH
2227,423X
2228,XHX8
2229,ERPC
2230,4KBB
2231,BE8J
2232,27VP
2233,EX86
2234,CMKV
2235,C422
2236,EP24
2237,YMRM
2238,C8EK
2239,C0B4
2240,ERJB
2241,C663
2242,4KJY
2243,VC9J
2244,C9HB
2245,E0M7
2246,EH68
2247,EBEH
2248,CCPV
2249,CFXV
2250,283V
2251,7MJM
2252,P6WW
2253,ERR8
2254,EW09
2255,C2KF
2256,40PF
2257,CJVP
2258,EYFW
2259,MBRT
2260,CMH9
2261,CJCK
2262,EFGX
2263,EBPH
2264,2YC3
2265,CPFW
2266,42K7
2267,4PTW
2268,F3R0
2269,62WW
2270,EYHW
2271,EYXP
2272,G40T
2273,63H7
2274,EBK7
2275,C83J
2276,C63G
2277,248E
2278,EX4H
2279,WTPE
2280,C42V
2281,YT60
2282,EYJE
2283,2JW9
2284,CM4P
2285,CJXP
2286,FBHR
2287,6FVG
2288,EMKT
2289,38XG
2290,YTJG
2291,ET44
2292,EWP4
2293,E2HH
2294,C8Y8
2295,C76Y
2296,EWRB
2297,G9TP
2298,C336
2299,EFK6
2300,CRRH
2301,EBJX
2302,CJCK
2303,CKJR
2304,EBG7
2305,CMHT
2306,C9XV
2307,KK3C
2308,ETFE
2309,EWGR
2310,E9KF
2311,EX6P
2312,ERHK
2313,ETB0
2314,CXFX
2315,CJYE
2316,GV37
2317,C7BY
2318,EWKT
2319,EYFJ
2320,C6YY
2321,EVH7
2322,787M
2323,FTCB
2324,CKGH
2325,C98R
2326,CY94
2327,CRG4
2328,E609
2329,8BHB
2330,9GTY
2331,CPTY
2332,C0X9
2333,C3VW
2334,CVGR
2335,VMR2
2336,CRHG
2337,CY9V
2338,3MFY
2339,EBFX
2340,C2PR
2341,CJVF
2342,EM84
2343,BEJE
2344,4E3B
2345,ECGH
2346,XT8Y
2347,JB80
2348,EB79
2349,G40G
2350,EJ0C
2351,EC2T
2352,CPRF
2353,C84B
2354,FCG9
2355,CREF
2356,367J
2357,YJF8
2358,HVFT
2359,BRTT
2360,EJCK
2361,XK6X
2362,C6PX
2363,FPB7
2364,EW3C
2365,R3VC
2366,CGM9
2367,CM6W
2368,E743
2369,42JK
2370,EBH3
2371,EWT9
2372,ECMR
2373,EH0V
2374,EP6T
2375,E0CF
2376,CMB3
2377,CPP6
2378,CHGG
2379,C7VG
2380,PKV7
2381,EC8K
2382,E9RY
2383,YGVB
2384,PWY6
2385,E7KV
2386,CB3T
2387,XX0G
2388,E32F
2389,EPB7
2390,07F3
2391,29M9
2392,FMJ6
2393,4CC0
2394,GPFY
2395,C37J
2396,CJ96
2397,CKBW
2398,ERT8
2399,EBGX
2400,CB72
2401,C8YC
2402,EVJJ
2403,EXHP
2404,E0M2
2405,X83B
2406,EE4J
2407,C092
2408,EJFX
2409,EXW9
2410,C7BW
2411,CYX8
2412,WXVR
2413,6P20
2414,EX4M
2415,CK82
2416,E0EW
2417,C87J
2418,EHJ0
2419,EWVV
2420,CTJ6
2421,EWYX
2422,CV39
2423,C9TC
2424,CHPY
2425,CK9C
2426,EVYE
2427,E0TJ
2428,E769
2429,C9TC
2430,C8KY
2431,CW37
2432,GRCF
2433,6V78
2434,60MV
2435,EC7B
2436,FTGH
2437,CK6Y
2438,E78R
2439,4PVB
2440,EWM6
2441,C7TK
2442,C0WM
2443,2VBW
2444,62F6
2445,2VXE
2446,EWPM
2447,C232
2448,C7HF
2449,EPYH
2450,C07G
2451,C3CG
2452,ECJR
2453,ET40
2454,HVKP
2455,EVG7
2456,YKEJ
2457,YK0V
2458,C3XK
2459,V33F
2460,E7BY
2461,3H2G
2462,EX90
2463,ERYG
2464,EF99
2465,C3E4
2466,EC00
2467,CM6V
2468,R70J
2469,CMRM
2470,440M
2471,CMMT
2472,VTC7
2473,C47V
2474,ER02
2475,6KVW
2476,EVTF
2477,C4TH
2478,CYVM
2479,CC4V
2480,CBVH
2481,ECTH
2482,EKBP
2483,EPCV
2484,R8JC
2485,C7MM
2486,4M20
2487,GV9G
2488,EWG3
2489,CKJ2
2490,7RC2
2491,C498
2492,E0FG
2493,64H8
2494,CR28
2495,C676
2496,X8KM
2497,XBVT
2498,C899
2499,CCG7
2500,CYGP
2501,C6F0
2502,CB3J
2503,CTFR
2504,CP7Y
2505,7W9J
2506,EE8Y
2507,CERF
2508,CMMC
2509,CJ0J
2510,PFVJ
2511,C94B
2512,CJFB
2513,E77R
2514,BYRG
2515,CJXG
2516,CJVY
2517,RY8Y
2518,CK2G
2519,CWB6
2520,CR34
2521,CEF3
2522,C4XJ
2523,ERF7
2524,CF3B
2525,CP47
2526,CH7G
2527,C8T7
2528,E8XX
2529,EG30
2530,CM7R
2531,3BTJ
2532,EVEB
2533,CMJ6
2534,CFMX
2535,YWJX
2536,CK20
2537,6Y76
2538,494J
2539,WXCV
2540,EXE3
2541,YEWM
2542,C0F4
2543,ET4F
2544,C6T3
2545,EBMT
2546,PWFW
2547,CRC4
2548,X4J3
2549,RWX7
2550,EVEY
2551,E6GW
2552,EFB9
2553,EX4K
2554,E0WC
2555,EVMG
2556,EX63
2557,XFFF
2558,C4WV
2559,EVF2
2560,48HT
2561,ERPB
2562,29PV
2563,7R0J
2564,EYFW
2565,CRKV
2566,3EFE
2567,EV9T
2568,CJVE
2569,CV89
2570,CK96
2571,VC2J
2572,EVKH
2573,J07Y
2574,9TK0
2575,CH7X
2576,ERYC
2577,ETB8
2578,4JWT
2579,CR44
2580,EBH4
2581,ET98
2582,EW46
2583,E6CE
2584,ECTX
2585,CKBY
2586,XPWJ
2587,C3YB
2588,C8WW
2589,22EB
2590,YWHY
2591,CW2K
2592,ER4R
2593,CHHC
2594,C687
2595,8BJY
2596,C7MJ
2597,C874
2598,TR7B
2599,XC0X
2600,C98F
2601,CH4H
2602,6G3V
2603,C3K0
2604,C44V
2605,CP0V
2606,CMKC
2607,2PFM
2608,EVTR
2609,ERMM
2610,E8HR
2611,CFT3
2612,EKJW
2613,VEB6
2614,C962
2615,C3GE
2616,EKJE
2617,CJXR
2618,PHJG
2619,8KX8
2620,E8F2
2621,CXKP
2622,C7KF
2623,E08X
2624,ER3C
2625,CK8H
2626,C98R
2627,C8XJ
2628,CRTE
2629,C4B7
2630,EC39
2631,E74C
2632,C4TH
2633,CX8E
2634,CRC8
2635,33PW
2636,EX6Y
2637,C8XP
2638,2Y6G
2639,EV0Y
2640,7XVB
2641,4VB7
2642,E0B0
2643,EC06
2644,EE9X
2645,CMB4
2646,PM62
2647,4P30
2648,EG8X
2649,CKC0
2650,26V8
2651,HBCE
2652,CM00
2653,E73B
2654,MHK4
2655,C8W4
2656,E04G
2657,C8X8
2658,YEYT
2659,CXM6
2660,EGHT
2661,03FG
2662,C43H
2663,EVB9
2664,GY7C
2665,EWMM
2666,8MJE
2667,C8C6
2668,CKVF
2669,K9VV
2670,EWY7
2671,6MHH
2672,YPRY
2673,ET8J
2674,EWY8
2675,C9HC
2676,C8W0
2677,E38P
2678,CPRH
2679,2T69
2680,E0BP
2681,CWCB
2682,ERT0
2683,YC4K
2684,TB4M
2685,E0RG
2686,C070
2687,EC4J
2688,76RV
2689,JMR6
2690,CEPP
2691,2ERB
2692,7WT6
2693,CFC0
2694,ETCE
2695,E78G
2696,CRHK
2697,WXG6
2698,E9TJ
2699,FG36
2700,C9V0
2701,EF6B
2702,CMGJ
2703,6VF0
2704,YPTR
2705,ERJ7
2706,CP7K
2707,EB9K
2708,FPBR
2709,XP03
2710,JY6M
2711,CFXB
2712,6WWT
2713,E77V
2714,EBBG
2715,ECXY
2716,CWTT
2717,CKW0
2718,G73C
2719,PK8J
2720,3B2G
2721,R9V8
2722,6MKG
2723,FHT3
2724,G0PJ
2725,CWW8
2726,C7KW
2727,4P30
2728,CXT4
2729,FM0M
2730,T3Y7
2731,CK94
2732,ECJ3
2733,6F20
2734,VGM6
2735,C7BK
2736,CP7Y
2737,E6CH
2738,EWWW
2739,ETM2
2740,C2P7
2741,EBHP
2742,MM08
2743,CYM4
2744,CTWF
2745,EM69
2746,22EC
2747,EXR2
2748,CJF0
2749,2WTE
2750,CKP7
2751,M6RJ
2752,CXB2
2753,3P78
2754,CPGF
2755,EWP9
2756,EVH0
2757,EYH8
2758,C7RJ
2759,CFYG
2760,EKEB
2761,E2CT
2762,FEXG
2763,H083
2764,WW4Y
2765,EBGF
2766,WPF4
2767,C4VT
2768,2FV6
2769,C8XG
2770,ECWX
2771,EYJK
2772,EEHK
2773,CJWC
2774,H62B
2775,GX8E
2776,C87P
2777,EKM3
2778,CM0B
2779,CGHR
2780,FCH9
2781,C2FT
2782,CYJW
2783,XEHV
2784,EVRT
2785,H9TB
2786,CTCX
2787,E6XB
2788,CPRR
2789,C3VX
2790,C8RC
2791,ET7J
2792,YTYE
2793,CPK3
2794,CV63
2795,PV8E
2796,E776
2797,26TG
2798,WPKB
2799,4GC8
2800,ECTT
2801,4VM0
2802,J6BT
2803,EX97
2804,CR2P
2805,CJ4X
2806,YV8E
2807,C9GX
2808,C8TH
2809,PR4R
2810,29K6
2811,GPXT
2812,CH9V
2813,93GG
2814,B3C8
2815,ETTB
2816,7K2B
2817,C4HV
2818,EC0V
2819,E7M4
2820,EC36
2821,C3JK
2822,C98C
2823,C97C
2824,T8R6
2825,C7T3
2826,E6WC
2827,0X2F
2828,CC7G
2829,E026
2830,CTVC
2831,CR0F
2832,E7RG
2833,Y938
2834,EECV
2835,GT3Y
2836,EEP3
2837,JFKV
2838,EXF7
2839,EBHY
2840,EX84
2841,CRHH
2842,EK0W
2843,EY7P
2844,E6C4
2845,C733
2846,EBHB
2847,EBPH
2848,EWKE
2849,CK2R
2850,CJ37
2851,CKMH
2852,CWWG
2853,CMGK
2854,CMHT
2855,E9YT
2856,F4RH
2857,EKK7
2858,W82M
2859,G3CT
2860,EWVT
2861,C9P9
2862,E4BB
2863,E6E4
2864,3TR6
2865,KYMM
2866,MVG0
2867,EW7R
2868,CGFC
2869,E9C8
2870,46F6
2871,C087
2872,ECP7
2873,YB8W
2874,ERFJ
2875,E07M
2876,EMKE
2877,EYH9
2878,EM84
2879,EBGF
2880,CPRV
2881,CJ87
2882,664R
2883,EBJ0
2884,FCY6
2885,C4WX
2886,ECCX
2887,C89G
2888,CPTV
2889,40RY
2890,EW04
2891,66TE
2892,EHBB
2893,6WFJ
2894,ERYG
2895,EV4F
2896,P679
2897,C98R
2898,WBV6
2899,E2JR
2900,CPXM
2901,MM74
2902,C9HP
2903,2YHB
2904,MTGY
2905,4P3C
2906,YBR0
2907,Y0B3
2908,ER29
2909,EBJK
2910,CKBV
2911,Y84E
2912,CJ9V
2913,E8FC
2914,EX0J
2915,7MB0
2916,382W
2917,EWC7
2918,CE8W
2919,39VV
2920,EWV0
2921,YCR8
2922,CJXF
2923,YP4F
2924,EX62
2925,CKBW
2926,CTHY
2927,KR20
2928,HHHG
2929,CHVP
2930,ER6H
2931,088Y
2932,C973
2933,EXY6
2934,C72J
2935,VRYT
2936,CJR0
2937,E348
2938,EVHR
2939,EX6H
2940,EBHC
2941,C729
2942,YHXY
2943,C8XT
2944,C007
2945,CPGK
2946,C987
2947,GGEW
2948,C42P
2949,C74Y
2950,E4TE
2951,CP4Y
2952,EV0K
2953,TGGG
2954,2020
2955,E4RC
2956,CY93
2957,EWVW
2958,CRWY
2959,6JPJ
2960,CJY4
2961,FCCT
2962,E323
2963,CJJY
2964,EBW3
2965,EYPR
2966,EBHY
2967,C2F0
2968,E6CE
2969,EC0F
2970,ER8G
2971,EHFE
2972,CEY0
2973,ERXT
2974,2C4J
2975,FBFC
2976,XEG6
2977,EYC2
2978,CKJ8
2979,VXW2
2980,ER72
2981,CMFT
2982,60PT
2983,9BXW
2984,CG9F
2985,EH2J
2986,ET78
2987,EWXT
2988,62FX
2989,C47Y
2990,EXFP
2991,CP3F
2992,YHM8
2993,EXTT
2994,EJHY
2995,CB38
2996,4PY8
2997,ECV9
2998,C8EM
2999,C42W
3000,EBXC
3001,CJRW
3002,CJJ7
3003,C07T
3004,CKG7
3005,CTMY
3006,CW9H
3007,EXR0
3008,9MEY
3009,EKVM
3010,2300
3011,EY0H
3012,EYCH
3013,8K09
3014,CMB7
3015,EMKT
3016,CJ2K
3017,EH6C
3018,CJJJ
3019,C3F2
3020,CF7G
3021,C8XX
3022,CV4Y
3023,39MR
3024,YCTH
3025,C73C
3026,C003
3027,XEEE
3028,CEPW
3029,CFYX
3030,07WW
3031,CB7W
3032,CJV4
3033,E2BP
3034,0FTT
3035,YH2Y
3036,E6W6
3037,EH0F
3038,JFJJ
3039,VTFE
3040,PGE4
3041,EH6P
3042,CXYE
3043,ECK2
3044,CEXJ
3045,ERVX
3046,CXRC
3047,CK7C
3048,FTTP
3049,E9R3
3050,923M
3051,C86W
3052,C99X
3053,C7CJ
3054,EWXT
3055,C98F
3056,C7G4
3057,C8WT
3058,EWFC
3059,C6RM
3060,CMMM
3061,ECG3
3062,CJG0
3063,ER9G
3064,EC8F
3065,EXHY
3066,E8B8
3067,CRM3
3068,4CJT
3069,E6R7
3070,C4XX
3071,EKWG
3072,3EX8
3073,C89P
3074,YW38
3075,C63B
3076,CHFT
3077,E9Y6
3078,MFWB
3079,EW4W
3080,C9GK
3081,C986
3082,CP2T
3083,CWG0
3084,YJYR
3085,2YCR
3086,YEGE
3087,2T6H
3088,EXK0
3089,E0HE
3090,CG4P
3091,J48P
3092,CJJ6
3093,H2PF
3094,9YER
3095,CJ46
3096,VGEB
3097,2VKB
3098,C8HW
3099,CY28
3100,YWKT
3101,E34E
3102,YFTP
3103,EVKX
3104,CRM2
3105,TY9E
3106,EYF8
3107,4EP4
3108,CRMX
3109,YGR6
3110,C0WW
3111,EKC7
3112,C6G8
3113,EC3H
3114,69CR
3115,6G80
3116,0HHC
3117,EWYW
3118,CP0R
3119,ECTW
3120,2T0J
3121,EX68
3122,YGYG
3123,CG9M
3124,C9YY
3125,E69W
3126,YR6X
3127,CX9H
3128,CBEM
3129,ETEE
3130,ECP7
3131,ECE8
3132,42XP
3133,EB3W
3134,EE8K
3135,ECMR
3136,E6EC
3137,4JVT
3138,EX2J
3139,CMBV
3140,CPMW
3141,CJWE
3142,0TB2
3143,CMFY
3144,EEEF
3145,CWYB
3146,ECE2
3147,ECTP
3148,CP2G
3149,TYJ0
3150,EKV4
3151,4FGG
3152,C7C7
3153,C3TJ
3154,ET4K
3155,JVE9
3156,C04X
3157,CY9C
3158,YPTT
3159,EBM6
3160,EC48
3161,E0C7
3162,C046
3163,C8K7
3164,4PCJ
3165,9K7G
3166,C74F
3167,Y2GY
3168,228X
3169,EWXJ
3170,E7GH
3171,C687
3172,C0KR
3173,4E48
3174,C94M
3175,CRBY
3176,ET9H
3177,3TKG
3178,2P0T
3179,EYBH
3180,CJ9G
3181,EYCG
3182,C4V9
3183,CPV8
3184,YJ99
3185,C97X
3186,EX7M
3187,C6PB
3188,ERVV
3189,MJ6T
3190,4V63
3191,CRPT
3192,CPRF
3193,ECPG
3194,RYWX
3195,ER4C
3196,BRVV
3197,EYJR
3198,ER8K
3199,EEFW
3200,BX3V
3201,CJ49
3202,CJ2J
3203,CW38
3204,EVF8
3205,CJ2V
3206,EWPE
3207,E3H8
3208,X8CE
3209,ECYG
3210,9R62
3211,C96G
3212,VRMR
3213,EW6K
3214,EKXT
3215,39WM
3216,CMJ6
3217,E8PX
3218,PP0F
3219,EJT9
3220,6Y3Y
3221,ECTH
3222,CEPB
3223,YTVH
3224,KFKB
3225,Y4FF
3226,CHVE
3227,EC4J
3228,EYBJ
3229,XPY7
3230,EEM4
3231,C7WT
3232,CRH2
3233,TGFW
3234,90G4
3235,EGYF
3236,EWTR
3237,CFKV
3238,CCXC
3239,EK47
3240,CXHK
3241,C022
3242,6YE2
3243,248V
3244,ERHY
3245,C7B8
3246,EWG8
3247,E2BV
3248,EVJH
3249,CRMY
3250,EE3R
3251,ERVT
3252,EJ04
3253,X47B
3254,KVCC
3255,ECVE
3256,WP0E
3257,X4KJ
3258,EW76
3259,EGVE
3260,C62M
3261,C420
3262,CRK4
3263,CY6M
3264,CRBW
3265,C707
3266,2X80
3267,EVHY
3268,V0H7
3269,EG29
3270,EYBG
3271,CK96
3272,EEMY
3273,ET4G
3274,EY4X
3275,TC73
3276,TPJP
3277,E2WF
3278,CPBP
3279,CYWC
3280,EH2R
3281,ERRT
3282,E368
3283,XEJR
3284,K0JY
3285,EW2G
3286,E03G
3287,WR27
3288,EX9T
3289,6WH3
3290,E9P9
3291,CFMW
3292,CEJR
3293,ETKV
3294,4F28
3295,C6BM
3296,CHTC
3297,CJV4
3298,E4HT
3299,CK6W
3300,C0TT
3301,E8EH
3302,CT06
3303,EY9T
3304,Y6FE
3305,C7R3
3306,HCKG
3307,ER7B
3308,EV9F
3309,EFVW
3310,CJ8E
3311,EJ3B
3312,CJ8G
3313,ER8H
3314,0TF6
3315,ERTJ
3316,WYEH
3317,W2JW
3318,ETVR
3319,CMBT
3320,E6XK
3321,EMXT
3322,XRYM
3323,EC33
3324,6WWB
3325,XY0J
3326,EV9T
3327,89T3
3328,CRBK
3329,EBFM
3330,C83W
3331,CJ2V
3332,28J6
3333,CKCX
3334,ERRC
3335,0FW6
3336,363E
3337,CEVF
3338,CMKE
3339,3BJH
3340,YB4E
3341,EC0H
3342,22B6
3343,X3KE
3344,ETT2
3345,CFXV
3346,CWCX
3347,EBEJ
3348,36BH
3349,CRMW
3350,EET8
3351,C6BX
3352,CW2B
3353,VX93
3354,E6MT
3355,CXHK
3356,YJPM
3357,EFX7
3358,EH9P
3359,C7EY
3360,4BBJ
3361,CMRK
3362,E0M0
3363,C9HM
3364,Y2PT
3365,CBPY
3366,3BPM
3367,CJ6R
3368,CX9E
3369,CHR0
3370,ET3H
3371,CCJE
3372,FPCW
3373,E2PJ
3374,CJ2T
3375,JGCW
3376,2PFG
3377,CHVE
3378,EGJT
3379,7V6P
3380,PC9G
3381,CTE7
3382,ERM8
3383,EEC6
3384,EWYG
3385,REFG
3386,C4WK
3387,CB7Y
3388,3Y3K
3389,9W0B
3390,9MR4
3391,EB6X
3392,EYV3
3393,YC68
3394,PC6Y
3395,E9CC
3396,927G
3397,EYMB
3398,ERRE
3399,C3FT
3400,HKV3
3401,JEVX
3402,ERR9
3403,C76H
3404,E6PK
3405,EV8K
3406,C6WV
3407,EFTT
3408,ERTB
3409,CPKE
3410,EVRE
3411,CM80
3412,FPPG
3413,ETE7
3414,EGP2
3415,Y9H0
3416,C7G0
3417,EYH7
3418,EBEB
3419,66PJ
3420,JPBG
3421,EE4T
3422,C7FY
3423,4BP0
3424,FRYB
3425,ECPC
3426,ECR8
3427,CRK9
3428,FBG6
3429,CXW0
3430,E6BH
3431,CRCH
3432,EE82
3433,CM64
3434,EMX4
3435,EJBW
3436,CR66
3437,BWJ6
3438,92TW
3439,C8KP
3440,C7MH
3441,WY3W
3442,EMBH
3443,CB6G
3444,PJ8F
3445,E09H
3446,M6G0
3447,C9TJ
3448,CREX
3449,E0B6
3450,CT88
3451,CCVP
3452,C7CT
3453,C9X6
3454,EC04
3455,CMGY
3456,CEHB
3457,CJYT
3458,4JWW
3459,JJCH
3460,P203
3461,C0RX
3462,CJ3W
3463,BEGX
3464,H4YV
3465,7KJM
3466,CEXH
3467,4HHT
3468,E774
3469,EBPX
3470,CV77
3471,CVFV
3472,CTC3
3473,C4P8
3474,MY2T
3475,C8WH
3476,E9C0
3477,EWTK
3478,CR7E
3479,WXR8
3480,CHWB
3481,EBGT
3482,PC8R
3483,CV06
3484,CRGW
3485,6VY0
3486,R342
3487,YEWR
3488,9XPV
3489,ERTP
3490,E4E4
3491,7RMW
3492,6VMC
3493,G363
3494,E0HX
3495,66CV
3496,EVPM
3497,CJ06
3498,C8XC
3499,ECP4
3500,W730
3501,ER43
3502,EVXV
3503,CMB3
3504,C6KW
3505,EXH3
3506,E392
3507,CEPP
3508,CGH2
3509,EC49
3510,CHW4
3511,R37R
3512,R70E
3513,C028
3514,CCTW
3515,EGVY
3516,C8GR
3517,E0FB
3518,CJ2K
3519,07JH
3520,CXXG
3521,C88T
3522,EB0T
3523,CV2R
3524,CE22
3525,C722
3526,4JFM
3527,CMVB
3528,K82B
3529,8X3V
3530,ET7T
3531,EWW8
3532,CMR9
3533,EBKG
3534,6WWK
3535,CRG0
3536,CXK4
3537,EW6C
3538,6V6B
3539,JHYY
3540,CMJ2
3541,EV42
3542,G4MF
3543,E027
3544,6RBT
3545,CJY8
3546,2T66
3547,6WE3
3548,CB8C
3549,ERGV
3550,EC4F
3551,EG2J
3552,PK00
3553,E20X
3554,THHB
3555,EX02
3556,MGE3
3557,8GMC
3558,400R
3559,6Y4Y
3560,6H4J
3561,EFB2
3562,EW3M
3563,EYWC
3564,EB3T
3565,EW0F
3566,C699
3567,EKRF
3568,CP7E
3569,ECGV
3570,E336
3571,CR6G
3572,C97Y
3573,F440
3574,CK84
3575,EXJF
3576,EYBH
3577,C0F6
3578,C7JJ
3579,CMBE
3580,CV8R
3581,2Y4E
3582,E0RW
3583,CR2X
3584,C8XR
3585,CJ6Y
3586,6WMV
3587,CMM6
3588,6VVM
3589,3C7F
3590,CJ3W
3591,C7M9
3592,R77G
3593,ERE9
3594,EW0E
3595,6RCG
3596,EWYB
3597,EX37
3598,CP90
3599,M9FK
3600,0KRY
3601,CKYH
3602,EKRJ
3603,66TH
3604,ERTP
3605,JHTB
3606,CJBK
3607,YM08
3608,C2WR
3609,ECPT
3610,CR3T
3611,CKC3
3612,E0RG
3613,CVFG
3614,CJ6C
3615,YVM3
3616,CRGV
3617,3P8K
3618,4JM7
3619,CTBF
3620,EEKP
3621,ECPW
3622,EGT7
3623,RY7V
3624,C82V
3625,E2MT
3626,EBFB
3627,ER3R
3628,EKJY
3629,EJFR
3630,ETG6
3631,E8JV
3632,ECPE
3633,CHC7
3634,E06V
3635,CJTY
3636,EX38
3637,CKVV
3638,EX3B
3639,C4WR
3640,E6KJ
3641,84YJ
3642,EGGF
3643,J0PC
3644,CMRK
3645,C7BH
3646,CJ42
3647,E6R0
3648,C97P
3649,E9H7
3650,C7EX
3651,ECXR
3652,E7FR
3653,C603
3654,C74E
3655,CPVG
3656,ERVR
3657,4KK6
3658,CJ6Y
3659,6YYG
3660,C88G
3661,EB4Y
3662,EYGJ
3663,ET4Y
3664,ERRX
3665,CFXW
3666,YX2R
3667,YC6G
3668,EXTB
3669,CJ2X
3670,EGYG
3671,C3MB
3672,ECV2
3673,EX04
3674,8226
3675,ERYC
3676,74J3
3677,ETX2
3678,CY67
3679,R7P6
3680,EC4J
3681,EJK0
3682,TGFC
3683,C646
3684,CP4F
3685,4TG4
3686,ERT6
3687,C4WW
3688,EBBF
3689,CK0W
3690,4BTB
3691,CP20
3692,939T
3693,3J8J
3694,EWPV
3695,E9TY
3696,0KE9
3697,C8M0
3698,Y990
3699,ET8M
3700,C7PX
3701,E8CX
3702,EVEP
3703,C0T6
3704,CYWF
3705,KK6C
3706,2WFF
3707,CP3P
3708,77V0
3709,CK9F
3710,2W9X
3711,ER60
3712,C7R6
3713,C7K3
3714,C7GG
3715,EY8X
3716,TG6T
3717,4BM2
3718,C7WT
3719,EW7C
3720,E3F6
3721,6J36
3722,CJ2J
3723,EKT0
3724,ER8K
3725,YPVP
3726,C96K
3727,EKJ7
3728,CMFK
3729,EBMM
3730,X82H
3731,EV6C
3732,CH4Y
3733,C68K
3734,CVT2
3735,E29C
3736,R8FT
3737,6PGC
3738,YP60
3739,YGMW
3740,EW03
3741,CP64
3742,C70F
3743,YR06
3744,C3E4
3745,FT4G
3746,EGBC
3747,E34F
3748,H9EE
3749,EH89
3750,EXTX
3751,CHVM
3752,C98T
3753,CP8F
3754,EBM7
3755,PF6X
3756,E02W
3757,E0BP
3758,4J0V
3759,EX4W
3760,MG8G
3761,PW7E
3762,CJ96
3763,6JG4
3764,KT9G
3765,94W6
3766,CEGW
3767,CHP4
3768,4MRB
3769,E6RR
3770,CRCK
3771,4BC2
3772,EYT9
3773,CMF8
3774,YJEC
3775,ERCR
3776,CJRJ
3777,CV3C
3778,CJY7
3779,CP03
3780,CJYV
3781,4PBJ
3782,CX3J
3783,MY3M
3784,923X
3785,66HJ
3786,E6BP
3787,CTEC
3788,C723
3789,V0P6
3790,M6KM
3791,CJ6P
3792,42MG
3793,CMRC
3794,C02X
3795,WYJV
3796,CHJT
3797,ER3T
3798,C369
3799,CK4W
3800,EXJM
3801,CETJ
3802,CBCV
3803,C99J
3804,9WMY
3805,C6VP
3806,CKBV
3807,6883
3808,EYE9
3809,CWF3
3810,EEJ0
3811,CJ9R
3812,CB72
3813,EVPF
3814,C3JH
3815,ECX9
3816,CHHT
3817,C307
3818,M3V0
3819,CRB3
3820,ETHT
3821,XCVR
3822,TXTM
3823,Y8G0
3824,ECYE
3825,C8X6
3826,C3FF
3827,4FRY
3828,E0YM
3829,CV42
3830,2E6M
3831,EVYW
3832,YJPY
3833,CK8Y
3834,C8RT
3835,EV46
3836,3EK3
3837,ERYE
3838,EKV4
3839,C30G
3840,24RT
3841,3W8G
3842,CPKJ
3843,EGMX
3844,4Y83
3845,CP7P
3846,E679
3847,V49T
3848,CP2R
3849,4JV3
3850,CPM8
3851,EVHG
3852,FT30
3853,ECM9
3854,C6J2
3855,EVBJ
3856,CH6T
3857,CFX0
3858,C034
3859,ERTY
3860,CJF3
3861,EWHT
3862,6CKF
3863,C93E
3864,EW4M
3865,EC0Y
3866,FBFX
3867,YPF7
3868,CBWY
3869,CPYC
3870,EYJB
3871,C93E
3872,X6XG
3873,CMG2
3874,CPYG
3875,2878
3876,C2P4
3877,E306
3878,CGVP
3879,EK2J
3880,PFH3
3881,EFKY
3882,6P0B
3883,W3VT
3884,J88X
3885,C6VY
3886,CXJF
3887,EM6M
3888,EWVH
3889,CP26
3890,ERG9
3891,ER8M
3892,CB44
3893,4KET
3894,Y99F
3895,4P7G
3896,EBJP
3897,YEW8
3898,EXY7
3899,C88E
3900,C0KV
3901,WJ0P
3902,H886
3903,C7H4
3904,CV4T
3905,39YB
3906,CCC3
3907,CWHT
3908,ECTY
3909,EBYE
3910,EWXV
3911,E320
3912,J6Y3
3913,CRRR
3914,ETTB
3915,C077
3916,EXG0
3917,E0CR
3918,0KJC
3919,CRGF
3920,YP3G
3921,TG4V
3922,R006
3923,YB4R
3924,EBTE
3925,ERF4
3926,EBMR
3927,E76E
3928,CRG8
3929,4F93
3930,8Y06
3931,X8ET
3932,CHVB
3933,CJR8
3934,02YG
3935,EPJP
3936,2VHX
3937,6Y7K
3938,C7B8
3939,C9VC
3940,PKPG
3941,EW6F
3942,JFKC
3943,CBGR
3944,CRMP
3945,E7F0
3946,C99T
3947,C7CJ
3948,C02X
3949,E9T2
3950,EEFT
3951,CB2G
3952,EGT6
3953,EKGG
3954,EP0G
3955,EVHC
3956,CF7W
3957,27P8
3958,E009
3959,EW27
3960,C3KJ
3961,C2H7
3962,PR98
3963,C460
3964,EW6M
3965,C62K
3966,ERCM
3967,CEPM
3968,C7F0
3969,EC0J
3970,EJW0
3971,GMHG
3972,CK9G
3973,9F2C
3974,EYFK
3975,E3FV
3976,6X73
3977,EVF9
3978,E4B6
3979,ER33
3980,EVRF
3981,EG7W
3982,C7CK
3983,EMWH
3984,YP0Y
3985,M0E8
3986,E0GK
3987,FEEY
3988,FCVM
3989,6VVR
3990,GTMB
3991,C062
3992,ECXP
3993,E3WM
3994,C3T8
3995,CHE3
3996,0RJT
3997,BHBM
3998,EP79
3999,EGJ8
4000,CK0W
4001,ERYB
4002,CJP7
4003,EWTK
4004,J2MW
4005,VBGG
4006,CYHY
4007,C3XP
4008,67C8
4009,CF7G
4010,CRGK
4011,ET43
4012,C7PB
4013,EWYK
4014,CCJ9
4015,CTKJ
4016,9KP7
4017,Y3KG
4018,4YXT
4019,6J8G
4020,YC9Y
4021,CJT7
4022,6WWY
4023,ETB2
4024,CMFX
4025,CJPT
4026,EVPH
4027,CG22
4028,EWXT
4029,2PHX
4030,C7KJ
4031,C083
4032,E748
4033,C464
4034,CRMG
4035,EB4E
4036,ERPM
4037,E0M2
4038,CPVK
4039,EXMW
4040,YR80
4041,CFX8
4042,EB88
4043,ET3X
4044,C7B7
4045,EKP9
4046,EWT0
4047,CVW4
4048,TMTH
4049,E3FY
4050,T3GP
4051,04EP
4052,ERG3
4053,EX48
4054,CWYC
4055,C0RV
4056,CK7H
4057,VEEB
4058,JEK3
4059,6E6X
4060,ERRX
4061,EEP2
4062,EWK4
4063,C8V3
4064,4JKM
4065,GB8B
4066,T0W8
4067,34XJ
4068,EXYR
4069,EBPE
4070,ETXY
4071,EYJY
4072,CJ0M
4073,CTPX
4074,EBH4
4075,BPRJ
4076,C60J
4077,CB2E
4078,CVF4
4079,CH0H
4080,EE6C
4081,CP7H
4082,CHHK
4083,HGMR
4084,EX4B
4085,CK92
4086,VK7R
4087,X684
4088,EW40
4089,ERTH
4090,C3J2
4091,CG0E
4092,CJ2G
4093,EJPM
4094,C7JV
4095,C86F
4096,MXCE
4097,EWC8
4098,C4FR
4099,CVHE
4100,EW3X
4101,EETX
4102,39WB
4103,EVHR
4104,C72J
4105,E0KT
4106,CHCG
4107,EJ92
4108,C4V8
4109,3E3V
4110,CB3W
4111,2T6B
4112,CP3F
4113,CXM7
4114,VX8X
4115,EWYH
4116,EX86
4117,CPM6
4118,C8YG
4119,E7XP
4120,YVJK
4121,2MRG
4122,ETYH
4123,VM40
4124,FBTK
4125,4372
4126,CC22
4127,EX4X
4128,3BKB
4129,26VG
4130,EWT3
4131,E37M
4132,ETXX
4133,E0V8
4134,ET7W
4135,G9VR
4136,7M7J
4137,C7PR
4138,FJWG
4139,C406
4140,903E
4141,CBMV
4142,YMCT
4143,2YVB
4144,EWVF
4145,FBBV
4146,EMF9
4147,4CG3
4148,CM0T
4149,GKWX
4150,EYFK
4151,94BX
4152,GTY4
4153,4FCY
4154,EVMY
4155,E4R9
4156,CVY8
4157,FBJC
4158,C74T
4159,CY8P
4160,CJVF
4161,ET60
4162,CPJX
4163,4THP
4164,CMGF
4165,928B
4166,C8XW
4167,CVMW
4168,YK7J
4169,EVY2
4170,EJCW
4171,C7CF
4172,CJG4
4173,7JFT
4174,27V8
4175,E0BF
4176,C068
4177,EXPT
4178,X0HE
4179,C7MX
4180,EGV8
4181,G8TR
4182,2E38
4183,EJM3
4184,EWFB
4185,CV9P
4186,FEK2
4187,ERVR
4188,EWWG
4189,EVH8
4190,EP6F
4191,YJBM
4192,ECGW
4193,4JEG
4194,CTB7
4195,C8GP
4196,EYJK
4197,C034
4198,EY9J
4199,E6RF
4200,6VVB
4201,20TE
4202,C0GW
4203,CRCP
4204,C9BJ
4205,EWR7
4206,E064
4207,28JY
4208,4P27
4209,4729
4210,EYFX
4211,EW0C
4212,G8RP
4213,CR30
4214,C3KC
4215,CJ8R
4216,CXVJ
4217,E28K
4218,EH64
4219,CVKJ
4220,4KKG
4221,7EJ8
4222,CJE0
4223,ECK4
4224,46X3
4225,2HP3
4226,VV23
4227,C4VK
4228,ERXC
4229,E0HF
4230,CRC4
4231,C77W
4232,CHTW
4233,CE6W
4234,CG8Y
4235,CMF8
4236,7P3K
4237,CMGJ
4238,EW6E
4239,CBYK
4240,C3J9
4241,39WT
4242,CPGT
4243,47PW
4244,M08K
4245,CJ2W
4246,ER7W
4247,C76R
4248,6E4B
4249,EYKB
4250,ERXY
4251,EWYH
4252,EKVX
4253,C249
4254,ERTW
4255,E7PF
4256,E0HG
4257,TGMM
4258,EG4G
4259,CJ3W
4260,E88T
4261,3Y3Y
4262,C07Y
4263,EXPY
4264,CJXF
4265,32JY
4266,C8GF
4267,CM7Y
4268,928T
4269,ECE6
4270,WGKG
4271,38GC
4272,ERX7
4273,ECCH
4274,CTCC
4275,ECYC
4276,YV97
4277,4P3R
4278,C9XY
4279,EG0X
4280,E0GF
4281,CJYT
4282,E7XV
4283,GX33
4284,69G8
4285,YPEG
4286,EGH8
4287,PFWC
4288,E9KE
4289,EJFY
4290,EXT9
4291,EJ3B
4292,EC6W
4293,E2WM
4294,CWG4
4295,ET8G
4296,EGPK
4297,664J
4298,CK8P
4299,CK77
4300,C3HT
4301,20G3
4302,CPP0
4303,CPWE
4304,E9T8
4305,EW4T
4306,3YKM
4307,E20J
4308,C6MY
4309,EK0W
4310,EFHX
4311,EYT7
4312,E0HJ
4313,ETHJ
4314,CMR2
4315,CEPF
4316,EXE9
4317,E2BF
4318,G848
4319,ECPR
4320,3RE6
4321,CHJ4
4322,ERPB
4323,C7GP
4324,CK7W
4325,7CW0
4326,GMT0
4327,GBT6
4328,6XPB
4329,4JV8
4330,E2TX
4331,3KCG
4332,0RVJ
4333,C49X
4334,BW9J
4335,PP4V
4336,E938
4337,FG2C
4338,C3YY
4339,CMGM
4340,CJV4
4341,FWRJ
4342,XYFY
4343,WPGT
4344,RW8T
4345,EX38
4346,WCJE
4347,EY2C
4348,0M7G
4349,F28T
4350,EKH6
4351,6PEY
4352,CKFK
4353,C829
4354,CP4H
4355,ET64
4356,EYFW
4357,C77R
4358,CKBJ
4359,C64F
4360,GVCJ
4361,JJ2X
4362,TBPM
4363,WE8M
4364,CTMB
4365,EB98
4366,CTEB
4367,4E3R
4368,2VCF
4369,EVMG
4370,CJXR
4371,EPKM
4372,CF2Y
4373,2PHY
4374,E7C8
4375,ERR6
4376,EBC6
4377,YTPE
4378,E6MK
4379,C39W
4380,CB9Y
4381,WXC8
4382,EW73
4383,E9EV
4384,PJFE
4385,C7RM
4386,E0RX
4387,EP8C
4388,ER6E
4389,EGTW
4390,E36B
4391,E63M
4392,EXYR
4393,C8EW
4394,ET9F
4395,CKB3
4396,C6CC
4397,CT3K
4398,Y0C6
4399,6JF6
4400,CCB8
4401,G43E
4402,66WE
4403,CCW8
4404,CEJW
4405,ERV9
4406,EVJJ
4407,8CCY
4408,YJEB
4409,EWWH
4410,CRBH
4411,C9XW
4412,CPPV
4413,YPCV
4414,E7XV
4415,GRJJ
4416,EBFV
4417,EWB7
4418,CRMM
4419,EBKE
4420,C82V
4421,JH3K
4422,E9WT
4423,2773
4424,6P9T
4425,CJ42
4426,E9CH
4427,EYJ9
4428,EXVW
4429,66M7
4430,CGCB
4431,CX8V
4432,CP24
4433,JW3T
4434,CYVK
4435,4J46
4436,EBFM
4437,C9CY
4438,CGVF
4439,CXKK
4440,CJ6E
4441,EMCH
4442,CMFJ
4443,EX6H
4444,R003
4445,C83K
4446,EHFC
4447,CRFY
4448,E87R
4449,C0J7
4450,KPKB
4451,EX8J
4452,4BCM
4453,6BTX
4454,ERPF
4455,C0W3
4456,ECPB
4457,ET79
4458,CMM3
4459,CMBE
4460,C8R4
4461,C8G3
4462,C87C
4463,EVKH
4464,MEFR
4465,E4KP
4466,CEMX
4467,C3CH
4468,XX6E
4469,PF4V
4470,CX8W
4471,EWM4
4472,ERVB
4473,EYBF
4474,CRG6
4475,CRB2
4476,9WE6
4477,YEFJ
4478,VH6Y
4479,C83X
4480,CHJ6
4481,7V2J
4482,E6WH
4483,EETK
4484,E0MJ
4485,E4BR
4486,EYKV
4487,CB37
4488,ECPH
4489,XFGT
4490,CJC7
4491,3FXM
4492,M3H3
4493,EJH8
4494,CP63
4495,EWT3
4496,CW8E
4497,CJVK
4498,CP7G
4499,CPWX
4500,CMGW
4501,CTX0
4502,E7WR
4503,ETFY
4504,J4FG
4505,EWT2
4506,YC4Y
4507,CKBP
4508,C7F4
4509,KKMV
4510,EKEC
4511,CXET
4512,EC3T
4513,C8P8
4514,YVJV
4515,EX2W
4516,CMPF
4517,C7H7
4518,60CY
4519,PP7Y
4520,EM4F
4521,CRK9
4522,CJYF
4523,C77T
4524,ERYB
4525,CJXR
4526,E324
4527,C7TX
4528,ECHC
4529,C98F
4530,ET47
4531,XWC6
4532,EPF8
4533,ECEE
4534,C4GG
4535,E83X
4536,Y0FY
4537,CR4R
4538,EP2Y
4539,EHYJ
4540,C348
4541,C0GK
4542,YETG
4543,CJ7F
4544,C66T
4545,C9HP
4546,EYFJ
4547,68FT
4548,ET3B
4549,EEG9
4550,CPB0
4551,C9R9
4552,EC4G
4553,C6RE
4554,C7RB
4555,4B9W
4556,ECKH
4557,CP82
4558,CHJF
4559,CJF0
4560,C8GW
4561,ECX4
4562,C0RR
4563,C2GP
4564,CXF4
4565,E8EJ
4566,0W3J
4567,CRMB
4568,YEF3
4569,ER76
4570,CHT4
4571,C4W2
4572,CXY8
4573,CTG0
4574,CF9Y
4575,YHPM
4576,CKXE
4577,CPV7
4578,CCC3
4579,C96M
4580,EYJ4
4581,ECVB
4582,GP8J
4583,4BHC
4584,EWPJ
4585,EWV0
4586,EXFM
4587,CGYW
4588,C2BE
4589,CT4B
4590,CECJ
4591,ERM0
4592,8CHB
4593,E6YP
4594,ECJE
4595,C9RC
4596,E9EM
4597,E9PM
4598,C426
4599,CCY6
4600,CTJE
4601,PM06
4602,PEEJ
4603,EK3F
4604,EWTK
4605,CJV3
4606,EMY7
4607,C7TV
4608,C77T
4609,CPR9
4610,C078
4611,CB8R
4612,7VTE
4613,EW4P
4614,E03E
4615,9W3G
4616,EVHE
4617,CRBR
4618,0XY6
4619,C7CE
4620,ECMJ
4621,ECEW
4622,T2H7
4623,CJT2
4624,CP0V
4625,88CF
4626,4MJ4
4627,6VEV
4628,EHJC
4629,ECK4
4630,C8R4
4631,EKJR
4632,CR2V
4633,E6J0
4634,EW86
4635,EK0K
4636,CK92
4637,BKMY
4638,EYF2
4639,FC8E
4640,4007
4641,C0G4
4642,E3K2
4643,C76F
4644,CMVC
4645,E0R0
4646,PPC6
4647,EWK8
4648,YGH6
4649,4EWB
4650,EV07
4651,6BEP
4652,E2PV
4653,20FR
4654,66PJ
4655,EVC0
4656,E4HJ
4657,ER80
4658,EGFC
4659,GTG6
4660,9KCG
4661,EYE9
4662,E723
4663,30C0
4664,FBJ4
4665,C4X2
4666,CK64
4667,JGBV
4668,CHHY
4669,20GB
4670,CGB9
4671,E47E
4672,EMXJ
4673,KTX8
4674,CPV4
4675,C6WX
4676,C73Y
4677,EC6V
4678,C36F
4679,2V29
4680,CETC
4681,2J03
4682,EYE8
4683,0GGT
4684,C0KP
4685,VKYJ
4686,EYH9
4687,E9V2
4688,VJJX
4689,C2FP
4690,EWX3
4691,C6X7
4692,CFPE
4693,CP24
4694,CJ79
4695,C67H
4696,GW9W
4697,CPVR
4698,E9FC
4699,2YB6
4700,CMJV
4701,CRPT
4702,CW3H
4703,63B4
4704,TCX6
4705,3V7G
4706,FJ6K
4707,2VJE
4708,EXV2
4709,ERYB
4710,CGFB
4711,CJ2V
4712,E03M
4713,C94P
4714,CMGB
4715,W202
4716,CV9C
4717,EF3E
4718,29M0
4719,ERRG
4720,4BKM
4721,E6C0
4722,4JHX
4723,CJ0Y
4724,ECMT
4725,JFJB
4726,CG0B
4727,FKX8
4728,JJ3Y
4729,H6C4
4730,E4XC
4731,VRKP
4732,E7V8
4733,CHFC
4734,398M
4735,E23V
4736,EBKP
4737,YYCF
4738,EWPR
4739,CRCP
4740,M7W8
4741,C8XX
4742,CMBF
4743,VKF6
4744,EX42
4745,CG8R
4746,64CT
4747,CJXC
4748,C4PE
4749,26F8
4750,C7FV
4751,CRF6
4752,4JHT
4753,EXXY
4754,ER2R
4755,CJV4
4756,404K
4757,EXTE
4758,EHPY
4759,C46V
4760,C7VF
4761,ERHM
4762,EYJ0
4763,0KPB
4764,3RVY
4765,C9TP
4766,CKWV
4767,CKTM
4768,C3HW
4769,E8W2
4770,C8W3
4771,EB24
4772,CKBR
4773,CMFK
4774,2VT3
4775,CE04
4776,EC4M
4777,C89F
4778,EYV3
4779,ECRW
4780,C90X
4781,CKJB
4782,CJ9W
4783,EX96
4784,7RYC
4785,ERV9
4786,EVRB
4787,EV6K
4788,CF9M
4789,0WJ3
4790,YTXY
4791,CP7Y
4792,MBTM
4793,67EY
4794,CV84
4795,7W44
4796,PBTK
4797,CMKH
4798,YB2P
4799,2FMB
4800,YC3B
4801,2YMT
4802,EVP6
4803,CPWJ
4804,EWYK
4805,E9RB
4806,X9EJ
4807,E29H
4808,39BV
4809,FBJ8
4810,EWHV
4811,CH0T
4812,EVGE
4813,E49G
4814,E0RF
4815,EVPE
4816,2R42
4817,7RCF
4818,EK0Y
4819,98C3
4820,EHJG
4821,EVYK
4822,EWVH
4823,J389
4824,3E70
4825,ERJ7
4826,C7T4
4827,VPEH
4828,C467
4829,G8GG
4830,CMBR
4831,C4TT
4832,2GV9
4833,E07W
4834,X2V3
4835,7WGE
4836,222X
4837,YW2B
4838,6FRT
4839,C6CT
4840,YM30
4841,EMBH
4842,006K
4843,6V7W
4844,P7XR
4845,Y883
4846,CJ6M
4847,CRMP
4848,ERTT
4849,CEFF
4850,EH33
4851,EJB0
4852,CBVM
4853,CP4T
4854,4YV8
4855,CJEK
4856,CMTK
4857,CK2F
4858,CMFY
4859,CRMY
4860,YPEE
4861,CMF2
4862,EHVB
4863,ETC3
4864,EVH0
4865,CJVR
4866,C89V
4867,EBG6
4868,C200
4869,8C7Y
4870,CG9X
4871,C4VH
4872,CX3X
4873,62T8
4874,EMWX
4875,CM7K
4876,64PJ
4877,62XM
4878,E4C4
4879,ERJ3
4880,CGYX
4881,6VRG
4882,4K9J
4883,6P2J
4884,CEYC
4885,KKGY
4886,EYJ0
4887,CPVY
4888,CEFH
4889,7RH6
4890,C08M
4891,CXJE
4892,EGFM
4893,E36E
4894,EC0G
4895,C9BF
4896,CP7J
4897,EWYM
4898,E982
4899,EYJE
4900,EMX7
4901,C6K7
4902,0W79
4903,CRFR
4904,E884
4905,EVT6
4906,C9MV
4907,CJ22
4908,E0EB
4909,6VJW
4910,RE3K
4911,CHV4
4912,FP70
4913,CK93
4914,EX7R
4915,EK70
4916,CHPT
4917,3MPK
4918,ECR6
4919,EBCW
4920,EJFY
4921,C6EB
4922,G8TB
4923,CYE0
4924,ETVT
4925,EW0X
4926,CP2T
4927,ER4K
4928,CM0J
4929,CYR0
4930,HXK4
4931,CWKJ
4932,EYRC
4933,C7BW
4934,EEFB
4935,7XFX
4936,C037
4937,C7R0
4938,CXH7
4939,CHE6
4940,R0HR
4941,C0KP
4942,C3J0
4943,E2CG
4944,EFWP
4945,C08K
4946,EM94
4947,EMHG
4948,GB0M
4949,C824
4950,EX6Y
4951,3763
4952,C939
4953,EC0G
4954,CXPC
4955,CBGW
4956,X0BY
4957,CC4R
4958,C8B6
4959,C6B2
4960,C0J0
4961,CMFY
4962,R04J
4963,2Y82
4964,0G66
4965,YEXC
4966,EF9W
4967,EYYT
4968,CRV7
4969,C7GR
4970,8283
4971,HYWV
4972,YC6T
4973,CW72
4974,YRTX
4975,CV8M
4976,CRGK
4977,EX47
4978,C3KF
4979,6844
4980,J9YT
4981,PKCK
4982,EW8J
4983,EVP3
4984,C068
4985,ER3V
4986,30GG
4987,4R32
4988,6V6M
4989,P92E
4990,E9CY
4991,EMX6
4992,3R6J
4993,CK0K
4994,EC36
4995,CRF4
4996,C8Y6
4997,CJJ6
4998,GPGM
4999,B2YW
